66600000,babyQ
2035118768,被怪盗团偷取心灵的窒息墙
28974931,程序顾问
1106859202,陈怡
593334052,陈雨荷
976490874,陈雨珊
3279717451,多巴胺
7266384,豆瓣华华~
925785517,Dean
724503779,邓杰丛
1147956546,电气5刘瑞煦
891554063,电气九班 黄棋伟
1441952717,杜沁洲
1532518236,邓识宇
919823547,竺天晨
906412874,邓鑫
1044057355,戴欣梅
995368349,电子3班-李媛
2941810873,电子4班+王晓梅
1203684509,电子4彭童
924867164,电子4王榆楗
875846868,电子4-余旭颂
847967906,电子四班 张良
1097031132,电子三邓欣
11778532,二哥
11778532,二哥
1721177026,范舒铭
2465134436,冯文杰
447871494,哥
948269198,郭浩模
437632045,龚老师
951316041,干妈
1072451025,辜雨晴
347378607,果汁
1013460227,何柏霖
853122825,黄静
705557553,胡俊
329611970,黄家俊
3193361280,胡梦
646992177,Hope花园
1324447811,黄庆
254890610,胡巍巍
978522077,红袜子
704333609,何小唯
305241425,黄钰洁
305241425,黄钰洁
785615484,黄毅凯
793729558,吉首大学 伍逸凡
179483129,姜森浩
1048484936,蒋钰豪
1368949870,康丽业
2141355620,老大
935655281,刘丹
994302707,刘华兴-挖油工人
1370453624,李锦
1370453624,李锦
614515464,刘老
614515464,刘老
958103878,李苗
455514296,雷民敬
787953708,李沁霖
645126833,李淑静
975061360,骆禹
2315936765,刘毅
1429875708,罗圆
912211955,刘乙琳
673773229,马超俊
673773229,马超俊
1719643029,膜法I磐学de
2074859032,美国非本土作战外
971481135,mi
1109358330,马金祥
3250580795,幺幺
872577894,马新
1605395610,马哲
2324860837,倪富城
99573468,庖丁
1203543900,pineapple
935887008,彭子通
1350352611,邱茂h
27694006,圣诞老人
1181736279,苏国涛
1308346815,宋露
676048797,邵鹏昆
1550163101,孙婷婷
992512866,宋雨恬
2950375996,天道
437632045,天高高
916067375,唐培
739438309,唐悦
1092665870,唐燕
2734596675,vehicle teacher
1379850573,吴存佳
1379850573,吴存佳
839343285,王恩昊
582625303,吴佳珂
582625303,吴佳珂
791769609,王老
791769609,王老
724418271,吴蒙蒙
582229239,王芹云
1047418338,文蓉
794020511,文思奇
740304772,汪汪
2497101919,外文顾问
2135368721,新虫合社武mo专栏
3367355505,心x涉文月莫专栏
550910816,谢江文
1052684541,许露
1364422897,徐老师
1035790980,谢松霖
593259795,向思芮
786601217,胥文杰
786601217,胥文杰
624347620,谢友浩
736182790,夏梓睿
1067197718,咏春
1102917647,余横
1599624093,尹宏宇
837963138,杨峻森
875688187,叶靖宇
18066099,叶老师
704234054,扬若枭
2636270081,杨旭
2650702280,元直
528917118,叶振宏
393950198,曾程
287531763,张连
464644698,张良
1457540214,自命不凡的8.5
409699598,郑人玮
1156074652,张胜
940434591,赵思添
349805282,曾廷杰
1095526639,朱兴莉
1109936885,周新语
937436669,赵兴毅
937436669,赵兴毅
1057946747,曾颖
1076244049,钟意
1016248643,张瑜
541061567,曾永亮
541061567,曾永亮
779369415,遭遇友十号
1051168363,遭遇友一号
1352731822,1352731822
1483297902,14-电气6-苗雪刚
1907517736,15-电气-胡
626668320,15-轨道-戴冬柯
924238505,15-通信工程一班-
528244053,2015111636陈荣凯
484693885,484693885
447871494,☆
